"Tanggal","Terakhir","Pembukaan","Tertinggi","Terendah","Vol.","Perubahan%"
"18/05/2026","651,09","648,51","651,09","632,19","8,69B","-1,03%"
"13/05/2026","657,88","663,93","665,05","656,27","6,19B","-1,79%"
"12/05/2026","669,84","670,06","672,87","658,47","6,41B","0,18%"
"11/05/2026","668,63","674,70","677,35","662,24","8,79B","-1,26%"
"08/05/2026","677,18","693,80","696,97","677,18","12,57B","-2,39%"
"07/05/2026","693,79","690,31","695,37","686,59","8,67B","1,62%"
"06/05/2026","682,76","685,06","688,59","680,09","9,09B","0,17%"
"05/05/2026","681,58","673,76","685,29","669,74","13,06B","1,04%"
"04/05/2026","674,56","671,55","680,03","671,42","31,55B","0,78%"
"30/04/2026","669,34","683,65","684,60","663,30","16,27B","-2,16%"
"29/04/2026","684,14","684,88","689,47","681,30","11,15B","0,27%"
"28/04/2026","682,32","688,50","691,28","679,31","5,12B","-0,64%"
"27/04/2026","686,74","693,08","698,41","686,74","7,28B","-0,58%"
"24/04/2026","690,76","715,75","716,63","689,43","10,66B","-3,51%"
"23/04/2026","715,88","737,39","740,16","715,88","9,45B","-2,73%"
"22/04/2026","735,97","736,01","743,14","735,45","7,11B","-1,04%"
"21/04/2026","743,67","748,85","750,96","740,27","9,80B","-1,61%"
"20/04/2026","755,84","760,70","764,60","752,79","9,69B","-0,40%"
"17/04/2026","758,87","758,47","762,13","756,30","5,02B","0,20%"
"16/04/2026","757,32","762,69","766,97","754,24","6,48B","-0,35%"
"15/04/2026","759,95","772,22","775,49","758,95","9,49B","-0,57%"
"14/04/2026","764,32","756,45","765,75","755,57","11,08B","2,41%"
"13/04/2026","746,35","741,19","748,94","734,14","9,01B","-0,02%"
"10/04/2026","746,47","737,73","748,98","736,95","9,09B","1,71%"
"09/04/2026","733,90","728,57","734,86","722,39","6,73B","0,04%"
"08/04/2026","733,62","724,27","734,76","718,63","15,10B","4,56%"
"07/04/2026","701,66","707,35","708,80","698,88","7,06B","-0,86%"
"06/04/2026","707,76","711,53","712,39","702,89","10,27B","-0,95%"
"02/04/2026","714,58","725,47","727,89","713,10","6,69B","-1,68%"
"01/04/2026","726,79","727,59","733,15","723,22","10,08B","1,53%"
"31/03/2026","715,81","720,65","725,13","713,71","7,27B","-0,23%"
"30/03/2026","717,49","707,96","720,82","702,03","8,45B","-0,21%"
"27/03/2026","718,96","726,89","729,20","717,88","6,37B","-1,74%"
"26/03/2026","731,73","746,87","748,45","730,65","10,27B","-1,97%"
"25/03/2026","746,45","723,61","746,45","721,69","18,10B","3,33%"
"17/03/2026","722,41","720,72","727,76","717,24","9,51B","1,22%"
"16/03/2026","713,72","724,95","725,83","704,06","11,73B","-2,01%"
"13/03/2026","728,33","748,45","750,91","728,23","9,72B","-3,04%"
"12/03/2026","751,19","753,59","759,01","746,50","8,85B","-0,14%"
"11/03/2026","752,25","763,76","766,74","750,81","7,41B","-1,01%"
"10/03/2026","759,94","760,56","767,74","754,91","11,33B","1,25%"
"09/03/2026","750,58","753,74","757,30","733,53","16,81B","-3,28%"
"06/03/2026","776,05","786,21","786,53","767,95","10,38B","-1,49%"
"05/03/2026","787,82","784,70","792,76","782,27","7,39B","1,99%"
"04/03/2026","772,45","802,31","802,71","761,27","17,71B","-4,11%"
"03/03/2026","805,60","817,69","823,66","805,60","10,63B","-0,85%"
"02/03/2026","812,49","821,71","825,08","812,49","12,84B","-2,62%"
"27/02/2026","834,36","834,90","835,50","822,60","13,02B","-0,42%"
"26/02/2026","837,89","845,62","846,41","826,19","10,88B","-0,61%"
"25/02/2026","843,07","841,04","848,66","837,36","10,60B","0,65%"
"24/02/2026","837,63","848,68","850,31","835,17","14,84B","-1,20%"
"23/02/2026","847,76","841,71","847,76","839,71","12,02B","1,49%"
"20/02/2026","835,28","837,04","841,16","832,20","11,24B","0,12%"
"19/02/2026","834,28","842,37","845,26","832,31","15,24B","-0,51%"
"18/02/2026","838,53","831,54","838,72","830,33","17,10B","1,07%"
"13/02/2026","829,67","836,22","836,49","825,79","17,49B","-1,16%"
"12/02/2026","839,40","843,23","845,16","834,53","11,22B","-0,30%"
"11/02/2026","841,94","830,42","841,94","827,55","22,06B","1,51%"
"10/02/2026","829,43","821,97","829,81","819,38","16,86B","1,03%"
"09/02/2026","820,94","819,88","821,43","805,65","9,44B","0,66%"
"06/02/2026","815,58","816,28","823,83","808,68","11,59B","-1,66%"
"05/02/2026","829,36","833,85","841,23","828,94","9,86B","-0,41%"
"04/02/2026","832,79","826,13","834,50","821,45","14,84B","1,10%"
"03/02/2026","823,73","810,33","823,73","789,79","18,87B","2,17%"
"02/02/2026","806,24","837,54","838,71","791,81","21,23B","-3,27%"
"30/01/2026","833,54","823,10","838,30","811,43","19,44B","2,52%"
"29/01/2026","813,02","785,09","817,05","728,25","49,54B","0,06%"
"28/01/2026","812,54","821,53","845,40","797,86","20,17B","-7,26%"
"27/01/2026","876,12","880,73","881,31","867,44","21,29B","-0,72%"
"26/01/2026","882,43","873,00","883,18","872,37","17,17B","1,01%"
"23/01/2026","873,59","879,30","880,27","863,98","21,30B","-0,17%"
"22/01/2026","875,11","876,05","886,33","871,42","23,26B","0,42%"
"21/01/2026","871,42","875,94","882,78","867,77","18,80B","-1,47%"
"20/01/2026","884,38","891,75","896,08","884,38","17,50B","-0,98%"
"19/01/2026","893,12","891,28","893,56","883,79","16,04B","0,41%"
"15/01/2026","889,43","885,93","893,57","884,77","13,21B","0,83%"
"14/01/2026","882,09","882,53","886,09","878,94","28,45B","0,37%"
"13/01/2026","878,87","871,77","878,87","870,35","17,66B","1,42%"
"12/01/2026","866,55","872,53","875,91","851,61","16,43B","-0,17%"
"09/01/2026","868,03","872,69","875,53","865,45","12,83B","0,05%"
"08/01/2026","867,62","870,41","879,48","867,62","9,67B","-0,43%"
"07/01/2026","871,33","867,40","872,63","865,17","15,05B","0,72%"
"06/01/2026","865,06","862,33","866,96","855,65","15,14B","0,61%"
"05/01/2026","859,78","854,09","859,97","849,24","24,22B","0,91%"
"02/01/2026","852,00","848,46","853,04","845,70","20,49B","0,64%"
"30/12/2025","846,57","847,53","851,55","842,17","7,11B","-0,64%"
"29/12/2025","852,05","847,80","853,29","847,20","10,45B","0,78%"
"24/12/2025","845,44","849,99","852,35","844,25","7,71B","-0,41%"
"23/12/2025","848,96","858,60","860,02","847,20","12,80B","-1,25%"
"22/12/2025","859,73","854,49","859,73","853,87","16,36B","0,73%"
"19/12/2025","853,54","855,67","857,68","849,33","9,71B","0,21%"
"18/12/2025","851,72","855,62","860,60","851,72","8,05B","-0,10%"
"17/12/2025","852,58","854,30","860,03","852,58","9,10B","-0,21%"
"16/12/2025","854,34","859,18","860,85","848,75","15,39B","0,17%"
"15/12/2025","852,86","851,40","860,95","843,50","21,37B","0,53%"
"12/12/2025","848,36","850,62","851,24","840,77","18,23B","0,15%"
"11/12/2025","847,09","863,45","864,72","838,09","29,15B","-1,15%"
"10/12/2025","856,96","854,61","856,96","849,99","26,81B","1,05%"
"09/12/2025","848,06","860,11","860,59","843,85","20,58B","-0,82%"
"08/12/2025","855,07","852,96","857,55","847,77","20,09B","0,92%"
"05/12/2025","847,27","855,31","856,26","844,95","5,47B","-0,76%"
"04/12/2025","853,74","854,09","855,53","849,11","4,51B","0,54%"
"03/12/2025","849,18","855,72","857,99","849,18","8,20B","-0,65%"
"02/12/2025","854,74","855,50","857,16","850,75","8,72B","0,42%"
"01/12/2025","851,14","847,21","851,14","844,71","12,41B","0,64%"
"28/11/2025","845,76","851,25","854,96","844,51","7,82B","-0,74%"
"27/11/2025","852,03","864,99","866,20","849,85","16,12B","-1,47%"
"26/11/2025","864,77","856,01","864,77","853,70","22,64B","0,89%"
"25/11/2025","857,16","862,28","863,18","852,46","18,53B","-0,72%"
"24/11/2025","863,35","850,44","863,35","845,67","19,48B","2,09%"
"21/11/2025","845,68","845,03","849,57","838,26","11,16B","-0,28%"
"20/11/2025","848,02","854,01","859,90","848,02","10,33B","-0,11%"
"19/11/2025","848,97","845,40","851,99","844,18","19,41B","0,65%"
"18/11/2025","843,51","850,08","852,76","841,19","13,22B","-0,76%"
"17/11/2025","849,92","846,70","854,26","846,08","15,46B","0,69%"
"14/11/2025","844,13","841,98","848,23","840,66","21,82B","0,33%"
"13/11/2025","841,35","847,14","847,89","840,91","27,66B","-0,66%"
"12/11/2025","846,91","845,12","852,57","843,91","26,86B","0,50%"
"11/11/2025","842,69","850,06","851,09","839,58","41,58B","-0,26%"
"10/11/2025","844,87","858,88","859,86","844,87","16,48B","-1,01%"
"07/11/2025","853,50","848,05","855,47","846,28","5,60B","0,69%"
"06/11/2025","847,65","847,30","851,88","841,82","4,50B","0,09%"
"05/11/2025","846,89","839,48","846,89","835,64","13,84B","0,60%"
"04/11/2025","841,84","843,35","849,67","839,29","5,27B","-0,25%"
"03/11/2025","843,98","836,91","845,32","835,75","1,38B","1,50%"
"31/10/2025","831,54","836,55","839,23","828,70","6,73B","-0,65%"
"30/10/2025","836,94","837,93","847,57","834,67","13,60B","0,03%"
"29/10/2025","836,72","822,04","836,72","818,43","3,72B","1,71%"
"28/10/2025","822,61","825,82","828,74","815,98","5,06B","-0,23%"
"27/10/2025","824,53","833,98","838,97","808,65","8,63B","-0,43%"
"24/10/2025","828,10","828,05","835,71","827,42","3,56B","0,00%"
"23/10/2025","828,10","808,19","829,89","808,12","3,58B","2,70%"
"22/10/2025","806,30","820,38","824,53","805,63","3,81B","-1,66%"
"21/10/2025","819,89","807,68","819,89","805,10","4,77B","2,96%"
"20/10/2025","796,31","783,25","801,26","778,22","6,10B","3,10%"
"17/10/2025","772,34","781,47","783,93","766,85","5,08B","-0,98%"
"16/10/2025","780,01","773,31","784,35","770,38","3,48B","1,02%"
"15/10/2025","772,15","777,79","780,15","760,48","5,62B","0,03%"
"14/10/2025","771,89","791,38","795,21","770,47","7,17B","-2,05%"
"13/10/2025","788,02","784,16","795,13","780,10","4,60B","-0,71%"
"10/10/2025","793,61","799,28","799,29","791,02","4,29B","-0,82%"
"09/10/2025","800,14","784,53","803,47","780,59","5,43B","1,95%"
"08/10/2025","784,88","788,00","789,77","775,23","4,30B","-0,06%"
"07/10/2025","785,37","786,29","790,72","782,84","5,44B","0,38%"
"06/10/2025","782,41","788,67","791,28","781,12","6,96B","-0,35%"
"03/10/2025","785,19","785,34","788,13","782,12","10,38B","0,24%"
"02/10/2025","783,29","785,49","792,36","783,28","5,13B","-0,15%"
"01/10/2025","784,49","792,57","796,86","784,27","7,19B","-1,20%"
"30/09/2025","793,98","802,94","805,52","792,04","6,33B","-1,05%"
"29/09/2025","802,45","806,39","807,97","800,66","5,77B","-0,02%"
"26/09/2025","802,61","793,86","802,61","793,19","7,46B","0,87%"
"25/09/2025","795,70","808,03","810,17","795,70","9,50B","-1,62%"
"24/09/2025","808,77","813,52","814,19","804,60","3,93B","-0,22%"
"23/09/2025","810,58","805,29","810,58","801,22","6,79B","0,83%"
"22/09/2025","803,90","814,11","814,81","799,55","4,98B","-0,75%"
"19/09/2025","809,98","805,17","813,28","803,71","11,95B","0,08%"
"18/09/2025","809,30","820,51","820,90","806,54","7,07B","-0,73%"
"17/09/2025","815,22","807,48","815,22","802,73","4,23B","1,03%"
"16/09/2025","806,94","813,38","814,25","800,82","7,14B","-0,23%"
"15/09/2025","808,80","809,67","814,46","806,61","4,40B","0,50%"
"12/09/2025","804,74","803,21","805,57","797,87","4,00B","1,25%"
"11/09/2025","794,84","793,55","799,73","791,73","5,10B","1,63%"
"10/09/2025","782,13","774,01","782,97","773,59","3,64B","1,58%"
"09/09/2025","769,92","780,24","786,54","767,29","7,06B","-1,74%"
"08/09/2025","783,59","810,33","810,41","783,59","4,95B","-2,03%"
"04/09/2025","799,80","798,27","801,11","795,41","3,56B","0,14%"
"03/09/2025","798,70","797,49","803,12","792,90","3,97B","0,69%"
"02/09/2025","793,25","792,22","801,56","791,51","3,82B","0,58%"
"01/09/2025","788,70","770,65","792,99","763,58","5,99B","-1,06%"
"29/08/2025","797,11","805,52","808,35","792,45","6,68B","-1,78%"
"28/08/2025","811,57","815,97","819,76","811,57","2,94B","-0,23%"
"27/08/2025","813,47","816,05","818,21","810,85","4,13B","-0,51%"
"26/08/2025","817,61","830,04","830,96","816,20","12,73B","-1,36%"
"25/08/2025","828,92","830,25","834,77","828,78","4,31B","0,81%"
"22/08/2025","822,22","830,76","831,07","822,22","4,21B","-0,82%"
"21/08/2025","828,98","826,95","831,49","823,58","4,84B","0,24%"
"20/08/2025","826,95","813,28","828,40","812,66","4,30B","1,44%"
"19/08/2025","815,23","819,80","819,88","811,33","7,64B","-0,71%"
"15/08/2025","821,06","829,03","831,68","821,04","4,62B","-0,71%"
"14/08/2025","826,91","831,38","835,74","826,91","6,11B","-0,35%"
"13/08/2025","829,85","829,70","834,70","824,84","6,41B","0,80%"
"12/08/2025","823,26","805,07","824,84","802,35","4,74B","2,96%"
"11/08/2025","799,59","798,78","801,00","794,24","4,01B","0,85%"
"08/08/2025","792,88","801,58","802,63","792,10","4,15B","-0,34%"
"07/08/2025","795,57","796,75","802,69","795,57","4,68B","0,76%"
"06/08/2025","789,59","797,84","798,93","789,59","3,46B","-0,83%"
"05/08/2025","796,21","792,01","800,64","791,40","3,84B","1,07%"
"04/08/2025","787,74","797,73","798,80","785,26","4,71B","-1,14%"
"01/08/2025","796,82","800,79","804,69","794,55","5,33B","0,80%"
"31/07/2025","790,47","796,72","800,14","790,33","9,66B","-0,96%"
"30/07/2025","798,15","806,72","807,20","795,10","8,54B","-0,86%"
"29/07/2025","805,06","803,76","805,06","799,68","3,42B","0,23%"
"28/07/2025","803,22","802,07","804,53","799,83","5,45B","1,10%"
"25/07/2025","794,51","798,25","799,07","790,34","6,86B","-0,66%"
"24/07/2025","799,80","793,44","803,09","792,62","6,16B","1,18%"
"23/07/2025","790,44","786,13","790,44","781,97","5,69B","1,06%"
"22/07/2025","782,13","791,67","793,88","780,65","5,22B","-0,85%"
"21/07/2025","788,81","789,91","791,62","782,60","5,37B","0,46%"
"18/07/2025","785,21","791,50","794,39","785,21","10,54B","-0,32%"
"17/07/2025","787,71","783,25","788,57","781,13","5,06B","1,08%"
"16/07/2025","779,30","784,81","786,94","779,30","3,71B","-0,02%"
"15/07/2025","779,44","779,44","781,04","772,67","4,79B","0,28%"
"14/07/2025","777,28","788,32","789,66","772,37","5,07B","-1,12%"
"11/07/2025","786,10","783,29","786,46","781,30","3,04B","0,89%"
"10/07/2025","779,15","772,00","780,27","769,97","3,38B","1,35%"
"09/07/2025","768,78","763,17","768,78","762,40","3,08B","0,84%"
"08/07/2025","762,36","765,18","767,41","760,30","3,36B","-0,67%"
"07/07/2025","767,51","764,21","767,51","760,45","3,09B","0,52%"
"04/07/2025","763,51","767,07","771,59","760,30","3,89B","-0,27%"
"03/07/2025","765,59","768,11","772,73","765,59","4,80B","-0,08%"
"02/07/2025","766,22","766,41","768,94","760,09","6,21B","-0,57%"
"01/07/2025","770,58","776,95","778,98","765,88","3,56B","-0,27%"
"30/06/2025","772,65","776,05","778,22","765,87","6,53B","0,27%"
"26/06/2025","770,58","760,90","770,58","756,31","3,71B","1,36%"
"25/06/2025","760,26","770,47","771,96","757,27","4,53B","-0,54%"
"24/06/2025","764,41","764,88","773,37","762,86","7,06B","1,40%"
"23/06/2025","753,83","754,74","758,05","744,35","9,10B","-1,45%"
"20/06/2025","764,93","771,26","772,85","759,92","16,02B","-1,28%"
"19/06/2025","774,81","791,15","792,63","770,15","6,71B","-2,26%"
"18/06/2025","792,76","798,77","800,60","789,29","4,60B","-0,89%"
"17/06/2025","799,88","800,45","803,82","798,22","3,38B","0,62%"
"16/06/2025","794,99","800,46","809,90","794,59","5,43B","-0,85%"
"13/06/2025","801,81","805,55","807,70","798,74","6,72B","-0,75%"
"12/06/2025","807,89","810,32","810,99","805,20","5,84B","-0,32%"
"11/06/2025","810,47","810,52","811,49","804,06","8,51B","-0,29%"
"10/06/2025","812,80","805,37","813,56","804,63","12,48B","1,38%"
"05/06/2025","801,70","800,77","803,96","797,29","6,25B","0,64%"
"04/06/2025","796,63","800,78","802,60","794,56","8,90B","0,21%"
"03/06/2025","794,92","796,64","799,18","785,59","7,26B","-0,13%"
"02/06/2025","795,95","805,08","808,52","792,43","10,01B","-2,31%"
"28/05/2025","814,76","819,51","821,72","812,31","15,95B","-0,42%"
"27/05/2025","818,17","818,42","819,79","812,57","11,93B","0,18%"
"26/05/2025","816,72","818,65","820,10","808,49","18,07B","0,02%"
"23/05/2025","816,54","820,85","821,81","813,66","4,60B","0,19%"
"22/05/2025","815,01","815,66","818,34","809,72","7,07B","0,35%"
"21/05/2025","812,16","805,51","816,99","804,22","9,54B","1,20%"
"20/05/2025","802,55","813,11","818,60","801,04","8,11B","-1,12%"
"19/05/2025","811,65","806,26","815,10","802,51","9,14B","0,68%"
"16/05/2025","806,15","805,03","806,15","791,70","9,02B","1,22%"
"15/05/2025","796,42","789,39","801,45","789,22","16,62B","1,19%"
"14/05/2025","787,08","777,63","787,44","777,06","10,29B","2,84%"
"09/05/2025","765,37","766,81","769,94","762,36","1,12B","0,21%"
"08/05/2025","763,76","779,59","784,08","762,48","2,06B","-1,71%"
"07/05/2025","777,05","778,34","782,12","775,30","1,71B","0,30%"
"06/05/2025","774,76","770,66","777,76","769,87","3,59B","0,97%"
"05/05/2025","767,32","766,78","773,40","763,97","7,15B","0,52%"
"02/05/2025","763,35","767,87","768,55","759,00","4,64B","0,24%"
"30/04/2025","761,52","756,76","764,57","752,00","7,57B","0,57%"
"29/04/2025","757,19","756,89","758,89","752,55","5,87B","0,46%"
"28/04/2025","753,72","755,66","757,57","751,14","3,66B","0,49%"
"25/04/2025","750,02","749,36","752,16","745,85","5,90B","1,10%"
"24/04/2025","741,87","750,03","755,35","738,45","5,18B","-0,39%"
"23/04/2025","744,78","736,62","744,86","735,34","5,28B","1,98%"
"22/04/2025","730,31","721,62","731,55","721,11","3,21B","1,18%"
"21/04/2025","721,79","724,07","725,32","716,92","2,39B","-0,12%"
"17/04/2025","722,69","718,22","723,14","714,01","4,08B","0,76%"
"16/04/2025","717,24","724,18","724,87","711,56","4,45B","-0,82%"
"15/04/2025","723,21","729,11","732,01","718,33","5,63B","-0,11%"
"14/04/2025","724,03","700,75","724,03","700,69","6,35B","2,45%"
"11/04/2025","706,70","696,17","710,35","690,08","4,03B","-0,06%"
"10/04/2025","707,11","714,15","719,50","701,00","7,83B","5,64%"
"09/04/2025","669,37","666,78","684,39","664,87","6,87B","0,24%"
"08/04/2025","667,77","651,91","675,60","647,94","9,31B","-9,09%"
"27/03/2025","734,51","728,19","734,51","720,66","3,58B","0,46%"
"26/03/2025","731,14","710,34","734,24","710,05","7,51B","4,90%"
"25/03/2025","697,01","686,38","700,82","685,04","3,46B","2,35%"
"24/03/2025","681,02","687,47","690,34","660,38","4,42B","-1,59%"
"21/03/2025","692,02","706,96","708,15","685,07","9,10B","-2,56%"
"20/03/2025","710,20","717,90","719,57","706,36","4,19B","-0,21%"
"19/03/2025","711,67","710,80","715,00","701,66","3,62B","0,38%"
"18/03/2025","709,01","729,99","731,79","682,99","8,77B","-2,79%"
"17/03/2025","729,35","730,04","734,08","724,62","3,55B","0,33%"
"14/03/2025","726,97","733,40","737,84","726,97","4,16B","-1,53%"
"13/03/2025","738,25","753,60","754,63","737,93","5,38B","-1,30%"
"12/03/2025","747,93","735,58","747,93","735,43","4,92B","2,17%"
"11/03/2025","732,03","732,52","736,55","727,30","6,03B","-1,06%"
"10/03/2025","739,88","745,62","747,65","737,10","5,47B","-1,40%"
"07/03/2025","750,39","754,48","757,06","747,03","11,82B","-0,41%"
"06/03/2025","753,49","754,40","762,65","752,69","4,73B","0,83%"
"05/03/2025","747,25","728,35","752,04","728,32","5,76B","3,03%"
"04/03/2025","725,28","738,63","739,60","722,24","4,96B","-1,69%"
"03/03/2025","737,77","718,62","745,26","713,60","7,05B","4,85%"
"28/02/2025","703,63","724,67","724,96","701,39","9,89B","-3,80%"
"27/02/2025","731,39","747,23","749,81","724,85","6,79B","-2,15%"
"26/02/2025","747,45","749,25","755,87","738,23","4,25B","-0,03%"
"25/02/2025","747,70","768,24","771,56","747,70","5,25B","-2,89%"
"24/02/2025","769,92","775,23","776,46","766,69","2,11B","-0,87%"
"21/02/2025","776,70","777,00","779,45","771,69","4,30B","-0,52%"
"20/02/2025","780,79","780,50","785,07","774,42","3,83B","-0,29%"
"19/02/2025","783,03","803,42","804,76","780,43","4,48B","-2,62%"
"18/02/2025","804,06","797,79","809,77","797,37","5,35B","0,95%"
"17/02/2025","796,45","775,59","797,57","774,48","3,33B","3,11%"
"14/02/2025","772,41","774,29","779,56","767,38","3,37B","0,35%"
"13/02/2025","769,73","771,77","774,02","763,73","4,15B","-0,85%"
"12/02/2025","776,31","762,28","776,31","761,71","3,36B","1,87%"
"11/02/2025","762,09","768,41","774,59","757,85","4,11B","-1,45%"
"10/02/2025","773,26","778,48","783,99","771,15","5,11B","-1,48%"
"07/02/2025","784,88","774,73","784,88","763,01","5,51B","0,93%"
"06/02/2025","777,64","799,79","800,27","771,13","6,96B","-2,97%"
"05/02/2025","801,47","807,56","808,83","798,39","14,65B","-1,05%"
"04/02/2025","810,01","813,76","818,83","805,84","12,87B","-0,18%"
"03/02/2025","811,47","819,88","820,39","800,59","4,42B","-1,47%"
"31/01/2025","823,55","824,45","833,84","821,77","4,03B","0,73%"
"30/01/2025","817,56","826,33","827,81","815,68","5,95B","-1,67%"
"24/01/2025","831,48","848,13","849,40","831,48","3,61B","-1,44%"
"23/01/2025","843,59","848,22","854,97","843,59","3,95B","-0,31%"
"22/01/2025","846,18","841,57","848,28","840,29","5,00B","1,41%"
"21/01/2025","834,45","839,20","845,55","834,45","6,53B","0,10%"
"20/01/2025","833,63","836,61","839,13","833,63","6,87B","0,16%"
"17/01/2025","832,28","827,35","837,32","821,82","6,98B","0,53%"
"16/01/2025","827,86","841,63","845,49","827,86","3,31B","0,09%"
"15/01/2025","827,11","806,33","827,98","805,83","4,14B","3,23%"
"14/01/2025","801,23","808,04","814,53","801,23","3,78B","-1,20%"
"13/01/2025","810,97","816,40","820,24","809,12","4,19B","-1,15%"
"10/01/2025","820,43","822,51","827,86","820,43","5,35B","-0,12%"
"09/01/2025","821,39","824,00","827,47","821,29","4,42B","-0,05%"
"08/01/2025","821,81","822,96","829,59","817,25","5,00B","0,17%"
"07/01/2025","820,45","824,11","826,78","817,61","5,26B","-0,69%"
"06/01/2025","826,18","839,16","840,16","824,89","10,03B","-1,38%"
"03/01/2025","837,78","838,80","842,40","833,74","8,07B","0,07%"
"02/01/2025","837,21","828,08","837,21","826,13","4,80B","1,28%"
"30/12/2024","826,65","821,77","826,84","817,51","7,67B","0,18%"
"27/12/2024","825,14","830,16","833,95","823,23","6,89B","-0,64%"
"24/12/2024","830,49","837,97","838,82","829,79","2,39B","-0,63%"
"23/12/2024","835,75","825,85","835,75","825,44","4,25B","2,29%"
"20/12/2024","817,02","818,04","824,57","812,55","4,71B","-0,17%"
"19/12/2024","818,42","822,81","824,50","813,81","5,81B","-1,86%"
"18/12/2024","833,93","843,37","848,48","833,93","3,18B","-1,00%"
"17/12/2024","842,33","857,90","861,79","839,95","6,65B","-2,25%"
"16/12/2024","861,74","860,00","865,88","851,71","8,88B","-0,46%"
"13/12/2024","865,71","870,55","875,15","862,60","3,75B","-1,05%"
"12/12/2024","874,89","884,27","886,99","874,00","3,93B","-1,76%"
"11/12/2024","890,55","886,72","899,33","886,72","9,80B","0,00%"
"10/12/2024","890,52","886,78","890,52","882,30","5,61B","0,35%"
"09/12/2024","887,45","874,80","887,45","874,80","11,16B","1,33%"
"06/12/2024","875,84","872,19","876,08","868,95","4,08B","0,16%"
"05/12/2024","874,45","883,29","884,00","871,42","2,94B","-1,03%"
"04/12/2024","883,59","869,66","885,65","867,25","5,37B","1,64%"
"03/12/2024","869,33","855,71","869,33","854,19","7,19B","3,02%"
"02/12/2024","843,81","857,54","861,55","843,81","4,77B","-1,51%"
"29/11/2024","856,78","867,25","870,16","856,78","8,71B","-1,91%"
"28/11/2024","873,47","874,47","878,70","870,80","7,11B","-0,72%"
"26/11/2024","879,76","894,57","895,55","879,76","5,29B","-1,32%"
"25/11/2024","891,52","881,81","897,56","881,68","13,23B","1,65%"
"22/11/2024","877,02","868,88","880,48","868,62","10,79B","1,25%"
"21/11/2024","866,23","872,51","876,57","866,23","4,50B","-1,02%"
"20/11/2024","875,13","880,79","883,13","873,35","5,54B","-0,21%"
"19/11/2024","876,93","868,82","881,46","866,96","9,07B","1,06%"
"18/11/2024","867,74","869,72","872,82","865,65","5,41B","-0,45%"
"15/11/2024","871,69","871,03","879,66","869,24","3,66B","-0,46%"
"14/11/2024","875,70","885,39","887,59","875,70","4,21B","-1,21%"
"13/11/2024","886,46","888,80","895,48","885,36","4,41B","0,22%"
"12/11/2024","884,52","879,88","887,89","876,69","5,07B","0,62%"
"11/11/2024","879,11","878,25","885,94","866,24","4,57B","-0,57%"
"08/11/2024","884,14","891,23","895,33","883,08","3,70B","-0,32%"
"07/11/2024","887,00","899,36","902,04","887,00","4,52B","-1,60%"
"06/11/2024","901,43","920,74","921,77","899,44","5,28B","-2,03%"
"05/11/2024","920,14","912,13","920,42","909,70","4,38B","0,74%"
"04/11/2024","913,42","912,60","917,42","901,78","6,18B","0,09%"
"01/11/2024","912,61","921,29","922,84","909,16","3,63B","-0,96%"
"31/10/2024","921,41","924,57","931,48","921,41","6,70B","-0,35%"
"30/10/2024","924,63","920,26","926,37","916,52","3,83B","-0,58%"
"29/10/2024","930,07","932,89","937,08","927,39","4,17B","-0,51%"
"28/10/2024","934,85","945,50","945,61","930,83","5,43B","-0,89%"
"25/10/2024","943,25","947,29","951,42","940,92","4,46B","-0,41%"
"24/10/2024","947,17","952,95","958,11","947,17","5,29B","-0,79%"
"23/10/2024","954,76","951,17","955,83","950,86","6,05B","0,04%"
"22/10/2024","954,38","957,15","960,75","952,73","10,81B","-0,73%"
"21/10/2024","961,39","965,08","966,13","957,10","6,14B","0,04%"
"18/10/2024","961,00","964,17","967,12","956,73","3,21B","0,25%"
"17/10/2024","958,58","951,69","963,88","950,64","4,17B","0,99%"
"16/10/2024","949,21","952,35","952,80","945,50","6,13B","0,06%"
"15/10/2024","948,61","941,66","950,26","938,73","5,36B","1,16%"
"14/10/2024","937,73","932,89","940,29","932,88","7,03B","0,48%"
"11/10/2024","933,24","936,92","938,78","932,24","3,18B","0,48%"
"10/10/2024","928,76","931,20","935,55","926,87","3,83B","-0,25%"
"09/10/2024","931,13","939,16","945,78","931,00","5,33B","-0,87%"
"08/10/2024","939,27","923,82","944,67","918,26","5,80B","1,28%"
"07/10/2024","927,37","929,12","934,11","921,27","10,53B","-0,25%"
"04/10/2024","929,73","934,83","937,37","924,51","10,83B","-0,82%"
"03/10/2024","937,39","939,31","941,72","931,31","6,06B","-0,14%"
"02/10/2024","938,70","944,97","950,95","933,22","7,79B","-1,54%"
"01/10/2024","953,36","943,58","953,36","941,67","4,06B","1,54%"
"30/09/2024","938,92","955,47","956,27","938,92","8,29B","-2,19%"
"27/09/2024","959,94","964,34","967,46","956,19","8,71B","-1,09%"
"26/09/2024","970,54","973,59","975,08","963,75","9,04B","-0,68%"
"25/09/2024","977,15","979,45","980,72","958,70","14,28B","-0,84%"
"24/09/2024","985,41","984,91","988,27","983,06","5,49B","0,02%"
"23/09/2024","985,26","973,10","985,26","972,10","7,25B","1,24%"
"20/09/2024","973,20","979,44","981,16","971,35","14,75B","-0,66%"
"19/09/2024","979,68","975,90","981,91","973,55","11,15B","0,97%"
"18/09/2024","970,25","969,69","973,61","966,12","10,81B","0,34%"
"17/09/2024","966,92","963,38","968,13","961,13","9,18B","0,79%"
"13/09/2024","959,36","960,09","961,30","953,55","5,78B","0,09%"
"12/09/2024","958,48","955,86","963,66","955,86","13,08B","0,72%"
"11/09/2024","951,63","953,72","955,73","948,45","4,23B","-0,02%"
"10/09/2024","951,84","952,34","952,87","945,82","9,13B","0,44%"
"09/09/2024","947,70","951,73","953,67","942,67","2,88B","-0,26%"
"06/09/2024","950,19","944,54","953,23","943,61","2,29B","0,68%"
"05/09/2024","943,78","943,08","947,67","939,42","2,12B","0,22%"
"04/09/2024","941,69","934,42","944,64","931,61","2,43B","-0,06%"
"03/09/2024","942,28","952,85","955,24","940,34","2,49B","-0,85%"
"02/09/2024","950,37","947,58","955,62","946,22","2,64B","0,62%"
"30/08/2024","944,48","945,28","947,74","938,27","7,18B","0,25%"
"29/08/2024","942,13","952,73","953,60","942,13","3,26B","-0,69%"
"28/08/2024","948,65","947,86","951,11","939,77","3,34B","0,23%"
"27/08/2024","946,51","948,48","950,27","939,76","3,02B","-0,37%"
"26/08/2024","950,06","944,18","953,56","943,75","3,08B","0,73%"
"23/08/2024","943,22","938,73","946,98","937,76","2,54B","0,95%"
"22/08/2024","934,36","937,79","940,98","928,58","3,14B","-0,85%"
"21/08/2024","942,37","944,94","948,76","940,80","4,97B","0,34%"
"20/08/2024","939,14","932,72","940,10","929,88","4,69B","1,18%"
"19/08/2024","928,17","924,68","928,17","920,69","2,65B","0,31%"
"16/08/2024","925,27","926,64","928,39","922,65","2,60B","0,63%"
"15/08/2024","919,52","924,01","925,44","914,49","3,04B","-0,34%"
"14/08/2024","922,64","916,48","925,32","913,64","4,93B","1,11%"
"13/08/2024","912,51","911,95","914,90","906,12","3,04B","0,47%"
"12/08/2024","908,20","909,26","909,98","902,60","5,93B","0,01%"
"09/08/2024","908,13","904,10","912,11","904,09","2,95B","1,03%"
"08/08/2024","898,90","903,94","906,70","897,65","3,13B","-0,54%"
"07/08/2024","903,79","903,09","906,90","898,93","3,02B","0,51%"
"06/08/2024","899,18","898,35","905,33","891,56","3,09B","0,95%"
"05/08/2024","890,71","908,71","909,57","881,99","8,59B","-3,12%"
"02/08/2024","919,37","921,15","925,16","914,44","3,92B","-0,66%"
"01/08/2024","925,51","917,47","926,03","915,48","3,16B","1,29%"
"31/07/2024","913,71","913,17","916,99","910,80","5,02B","0,32%"
"30/07/2024","910,76","919,88","920,54","908,98","2,98B","-1,07%"
"29/07/2024","920,60","923,65","927,49","918,00","3,13B","0,02%"
"26/07/2024","920,39","920,55","924,16","918,80","2,37B","0,46%"
"25/07/2024","916,16","917,75","918,31","908,84","2,79B","-0,11%"
"24/07/2024","917,17","920,15","923,48","915,04","4,09B","-0,66%"
"23/07/2024","923,26","926,34","927,17","919,59","14,07B","0,00%"
"22/07/2024","923,25","923,97","925,53","920,08","3,22B","0,40%"
"19/07/2024","919,53","919,31","920,21","912,32","3,40B","-0,35%"
"18/07/2024","922,78","911,56","923,69","910,60","4,08B","1,40%"
"17/07/2024","910,07","911,93","913,09","905,66","10,94B","0,61%"
"16/07/2024","904,55","914,72","915,84","903,16","1,59B","-0,88%"
"15/07/2024","912,58","922,07","922,58","908,44","1,74B","-0,85%"
"12/07/2024","920,38","922,25","925,61","917,61","2,05B","0,55%"
"11/07/2024","915,36","915,15","919,23","912,18","3,04B","0,33%"
"10/07/2024","912,33","912,33","916,23","910,24","9,70B","0,32%"
"09/07/2024","909,42","904,96","915,03","902,56","2,25B","0,56%"
"08/07/2024","904,33","908,46","908,66","899,45","2,60B","-0,25%"
"05/07/2024","906,64","905,47","911,00","901,68","1,82B","0,75%"
"04/07/2024","899,85","900,56","909,05","899,34","2,63B","0,25%"
"03/07/2024","897,60","898,49","898,91","889,97","2,17B","0,55%"
"02/07/2024","892,72","898,85","902,03","889,90","2,43B","-0,44%"
"01/07/2024","896,66","890,24","897,02","888,97","2,49B","1,01%"
"28/06/2024","887,73","879,33","893,08","878,82","3,66B","1,52%"
"27/06/2024","874,39","868,23","875,84","865,12","2,61B","1,29%"
"26/06/2024","863,29","862,18","870,19","861,47","3,51B","0,19%"
"25/06/2024","861,67","861,21","862,89","853,74","3,88B","-0,32%"
"24/06/2024","864,40","866,70","871,30","864,00","3,44B","-0,32%"
"21/06/2024","867,20","858,72","875,27","857,21","11,11B","1,45%"
"20/06/2024","854,78","844,74","854,78","841,32","5,34B","1,81%"
"19/06/2024","839,62","846,25","852,04","838,17","11,37B","-0,70%"
"14/06/2024","845,50","858,27","860,47","842,11","5,69B","-1,53%"
"13/06/2024","858,63","872,16","872,29","858,39","7,79B","-0,49%"
"12/06/2024","862,86","868,48","869,91","861,05","6,60B","-0,57%"
"11/06/2024","867,78","880,60","882,62","867,78","7,44B","-1,93%"
"10/06/2024","884,84","886,72","887,25","879,57","14,04B","0,10%"
"07/06/2024","883,93","894,69","895,40","882,94","3,90B","-0,92%"
"06/06/2024","892,10","890,95","896,91","884,97","5,45B","1,18%"
"05/06/2024","881,70","899,30","900,24","879,63","5,49B","-1,57%"
"04/06/2024","895,80","895,73","905,01","893,65","6,44B","0,85%"
"03/06/2024","888,28","883,75","891,50","876,08","5,12B","1,93%"
"31/05/2024","871,42","882,88","887,95","871,42","15,38B","-0,31%"
"30/05/2024","874,12","883,01","886,42","863,96","7,54B","-1,36%"
"29/05/2024","886,18","904,88","905,80","884,85","5,88B","-1,62%"
"28/05/2024","900,82","900,23","913,75","898,29","7,07B","1,24%"
"27/05/2024","889,79","895,00","902,09","889,25","9,29B","-0,68%"
"22/05/2024","895,84","894,02","900,51","891,30","4,64B","0,48%"
"21/05/2024","891,58","906,82","909,83","890,69","3,78B","-1,87%"
"20/05/2024","908,54","922,17","927,98","905,39","5,28B","-1,19%"
"17/05/2024","919,51","909,91","925,64","909,03","7,43B","1,12%"
"16/05/2024","909,31","906,67","912,59","904,90","4,89B","0,88%"
"15/05/2024","901,40","893,02","904,78","890,92","3,42B","0,99%"
"14/05/2024","892,58","895,20","898,78","891,01","3,24B","-0,33%"
"13/05/2024","895,55","887,55","897,21","885,36","4,27B","0,24%"
"08/05/2024","893,43","898,90","906,55","891,85","4,36B","-0,51%"
"07/05/2024","898,02","906,22","908,28","897,15","4,32B","-0,91%"
"06/05/2024","906,29","910,90","912,30","900,05","6,08B","0,33%"
"03/05/2024","903,33","904,15","908,31","894,89","6,47B","0,51%"
"02/05/2024","898,75","925,48","925,95","893,48","4,80B","-3,02%"
"01/05/2024","926,73","922,62","933,97","919,58","","0,00%"
"30/04/2024","926,73","922,62","933,97","919,58","5,80B","1,24%"
"29/04/2024","915,35","895,22","917,38","894,65","4,75B","1,84%"
"26/04/2024","898,78","919,45","921,89","898,78","4,50B","-2,68%"
"25/04/2024","923,49","929,79","931,81","920,62","3,72B","-0,84%"
"24/04/2024","931,35","931,16","936,67","924,88","5,02B","0,40%"
"23/04/2024","927,64","927,95","937,95","924,33","5,20B","0,67%"
"22/04/2024","921,46","922,77","926,69","912,32","4,07B","0,12%"
"19/04/2024","920,31","927,44","929,54","914,45","5,94B","-1,62%"
"18/04/2024","935,51","932,90","939,55","929,86","4,17B","0,77%"
"17/04/2024","928,35","943,30","946,71","928,35","5,13B","-0,75%"
"16/04/2024","935,34","928,68","947,27","924,96","8,00B","-2,95%"
"05/04/2024","963,73","965,73","970,61","963,49","2,77B","-0,42%"
"04/04/2024","967,77","954,85","968,67","954,78","3,27B","1,45%"
"03/04/2024","953,90","963,03","965,41","951,66","3,31B","-1,49%"
"02/04/2024","968,37","967,70","969,82","953,53","4,47B","-0,07%"
"01/04/2024","969,08","985,27","986,92","957,79","3,32B","-1,71%"
"28/03/2024","985,97","985,78","991,28","979,99","4,02B","-0,44%"
"27/03/2024","990,37","997,49","999,10","988,76","3,93B","-0,74%"
"26/03/2024","997,80","993,12","999,03","991,76","4,88B","-0,41%"
"25/03/2024","1.001,91","994,44","1.001,91","990,20","3,39B","0,52%"
"22/03/2024","996,74","992,41","997,24","990,58","3,74B","0,20%"
"21/03/2024","994,77","999,38","1.003,94","994,77","4,54B","0,19%"
"20/03/2024","992,93","989,97","995,32","988,12","7,90B","-0,42%"
"19/03/2024","997,15","997,57","1.004,03","996,14","4,85B","0,36%"
"18/03/2024","993,60","999,66","1.004,73","993,60","6,77B","-0,39%"
"15/03/2024","997,47","1.006,20","1.007,87","991,01","14,42B","-1,40%"
"14/03/2024","1.011,60","1.000,04","1.011,60","998,61","4,94B","0,81%"
"13/03/2024","1.003,48","1.009,18","1.009,61","999,94","4,41B","0,31%"
"08/03/2024","1.000,35","1.001,92","1.004,80","998,78","3,51B","0,38%"
"07/03/2024","996,56","996,01","1.000,61","993,85","8,53B","0,25%"
"06/03/2024","994,06","980,88","995,04","980,61","8,78B","1,45%"
"05/03/2024","979,88","986,29","987,72","979,30","3,84B","-0,21%"
"04/03/2024","981,95","989,42","990,45","979,79","7,06B","-0,60%"
"01/03/2024","987,90","990,48","992,88","981,24","4,13B","-0,21%"
"29/02/2024","989,93","996,85","998,06","986,28","9,35B","-0,73%"
"28/02/2024","997,25","994,16","999,31","990,87","9,81B","0,46%"
"27/02/2024","992,69","987,25","994,74","985,39","6,09B","0,11%"
"26/02/2024","991,60","990,33","994,28","986,72","3,43B","-0,26%"
"23/02/2024","994,16","999,65","1.001,65","988,87","3,97B","-0,83%"
"22/02/2024","1.002,51","1.005,33","1.008,34","1.000,13","3,46B","-0,59%"
"21/02/2024","1.008,41","1.009,39","1.012,28","997,44","5,26B","-0,24%"
"20/02/2024","1.010,87","1.003,57","1.010,87","1.001,90","3,99B","1,26%"
"19/02/2024","998,29","1.003,95","1.007,81","996,23","5,14B","-0,83%"
"16/02/2024","1.006,63","1.010,89","1.014,63","1.002,36","4,43B","0,33%"
"15/02/2024","1.003,32","1.016,24","1.017,38","1.003,32","5,88B","1,53%"
"13/02/2024","988,16","996,03","997,00","986,28","3,46B","-0,70%"
"12/02/2024","995,17","990,41","996,87","987,57","7,22B","1,22%"
"07/02/2024","983,14","984,47","986,94","981,41","2,81B","0,26%"
"06/02/2024","980,62","982,38","984,71","978,51","5,51B","0,53%"
"05/02/2024","975,49","984,36","985,44","975,49","5,35B","-0,93%"
"02/02/2024","984,67","981,69","984,67","975,46","3,59B","0,76%"
"01/02/2024","977,27","977,24","983,21","972,81","7,91B","0,31%"
"31/01/2024","974,22","976,40","981,20","972,59","6,27B","0,26%"
"30/01/2024","971,70","959,66","975,23","957,27","7,55B","1,02%"
"29/01/2024","961,92","953,67","961,92","952,36","7,60B","1,10%"
"26/01/2024","951,49","954,16","957,12","945,04","3,79B","-0,87%"
"25/01/2024","959,80","963,45","971,13","959,20","3,39B","-0,67%"
"24/01/2024","966,25","971,61","974,73","960,63","3,51B","-0,57%"
"23/01/2024","971,77","969,84","973,27","963,69","3,03B","-0,16%"
"22/01/2024","973,37","973,79","976,17","967,75","2,95B","0,07%"
"19/01/2024","972,67","976,87","978,71","968,04","3,15B","-0,03%"
"18/01/2024","972,96","968,59","976,38","967,80","4,13B","0,41%"
"17/01/2024","968,94","976,51","977,26","963,96","10,48B","-0,66%"
"16/01/2024","975,39","975,65","981,30","972,12","2,89B","0,14%"
"15/01/2024","974,06","980,54","982,27","972,10","3,04B","-0,38%"
"12/01/2024","977,82","974,80","979,72","972,10","4,33B","0,81%"
"11/01/2024","969,94","974,78","978,22","969,94","5,53B","0,08%"
"10/01/2024","969,14","967,27","974,29","963,17","2,55B","-0,10%"
"09/01/2024","970,08","979,83","982,38","967,05","3,91B","-0,65%"
"08/01/2024","976,44","988,65","994,77","974,87","2,66B","-1,00%"
"05/01/2024","986,26","992,16","998,34","986,26","2,38B","-0,24%"
"04/01/2024","988,64","975,70","991,47","973,81","2,96B","1,57%"
"03/01/2024","973,38","977,74","978,77","971,42","2,49B","-0,62%"
"02/01/2024","979,43","969,46","979,43","966,47","2,34B","0,91%"
"29/12/2023","970,57","978,01","978,27","969,27","2,85B","-0,67%"
"28/12/2023","977,07","973,18","979,40","971,76","2,79B","0,86%"
"27/12/2023","968,73","971,35","973,96","967,90","2,88B","0,14%"
"26/12/2023","967,36","967,68","969,99","964,74","","0,00%"
"22/12/2023","967,36","967,68","969,99","964,74","2,56B","0,33%"
"21/12/2023","964,18","963,49","964,67","957,84","2,73B","0,12%"
"20/12/2023","962,98","964,04","967,46","960,60","3,08B","0,35%"
"19/12/2023","959,60","948,25","959,60","946,67","5,75B","1,10%"
"18/12/2023","949,14","956,01","957,33","944,41","12,33B","-0,92%"
"15/12/2023","957,97","957,26","961,48","954,02","6,47B","0,24%"
"14/12/2023","955,64","945,67","956,64","943,95","11,04B","2,44%"
"13/12/2023","932,91","938,32","940,74","928,21","7,73B","-0,92%"
"12/12/2023","941,52","940,23","944,91","935,90","13,49B","0,51%"
"11/12/2023","936,71","945,92","949,04","931,63","36,09B","-1,44%"
"08/12/2023","950,37","945,44","956,83","941,79","15,89B","0,52%"
"07/12/2023","945,44","936,80","945,44","930,94","13,17B","0,92%"
"06/12/2023","936,80","940,75","945,18","936,74","14,92B","-0,42%"
"05/12/2023","940,75","940,03","943,27","931,86","19,40B","0,06%"
"04/12/2023","940,14","939,73","953,55","939,73","18,58B","0,05%"
"01/12/2023","939,71","929,89","939,71","928,54","14,91B","1,04%"
"30/11/2023","930,03","924,34","930,72","924,34","11,14B","0,62%"
"29/11/2023","924,34","925,39","930,21","922,09","4,60B","-0,11%"
"28/11/2023","925,39","924,13","931,71","923,52","5,00B","0,14%"
"27/11/2023","924,13","924,87","933,16","924,13","3,40B","-0,08%"
"24/11/2023","924,87","923,53","930,41","923,30","6,00B","0,15%"
"23/11/2023","923,50","912,62","926,44","912,52","10,86B","1,20%"
"22/11/2023","912,59","915,72","918,69","910,13","7,73B","-0,34%"
"21/11/2023","915,72","918,68","921,30","912,75","6,54B","-0,32%"
"20/11/2023","918,68","917,41","921,19","914,08","5,81B","0,14%"
"17/11/2023","917,41","920,44","920,64","911,89","4,09B","-0,33%"
"16/11/2023","920,41","920,15","920,71","909,71","3,84B","0,03%"
"15/11/2023","920,12","903,97","923,03","903,97","8,46B","1,79%"
"14/11/2023","903,91","901,16","908,73","900,35","6,50B","0,30%"
"13/11/2023","901,22","901,72","907,36","900,51","10,73B","-0,06%"
"10/11/2023","901,72","908,03","908,79","900,08","5,14B","-0,70%"
"09/11/2023","908,03","906,75","913,42","904,50","2,73B","0,14%"
"08/11/2023","906,75","913,40","913,46","899,03","4,94B","-0,73%"
"07/11/2023","913,43","918,85","920,16","907,30","5,91B","-0,59%"
"06/11/2023","918,85","904,15","918,85","903,81","13,05B","1,63%"
"03/11/2023","904,15","898,92","913,49","898,36","13,86B","0,58%"
"02/11/2023","898,92","878,93","904,75","878,93","11,06B","2,28%"
"01/11/2023","878,88","892,29","896,54","878,88","7,53B","-1,51%"
"31/10/2023","892,34","889,34","893,61","879,43","8,14B","0,34%"
"30/10/2023","889,34","892,89","893,62","883,90","4,84B","-0,40%"
"27/10/2023","892,92","889,32","898,74","889,19","5,55B","0,41%"
"26/10/2023","889,32","911,86","912,52","888,77","6,05B","-2,48%"
"25/10/2023","911,95","909,00","920,88","909,00","3,75B","0,33%"
"24/10/2023","908,97","898,98","913,80","898,72","3,35B","1,11%"
"23/10/2023","899,01","911,89","913,15","896,39","5,63B","-1,41%"
"20/10/2023","911,89","910,09","917,00","904,61","6,91B","0,20%"
"19/10/2023","910,09","925,36","925,43","910,09","5,33B","-1,66%"
"18/10/2023","925,42","932,63","933,69","925,35","5,46B","-0,77%"
"17/10/2023","932,63","935,06","937,99","930,66","6,74B","-0,26%"
"16/10/2023","935,06","939,58","944,07","930,69","21,02B","-0,48%"
"13/10/2023","939,55","943,40","948,57","936,58","10,15B","-0,41%"
"12/10/2023","943,45","944,72","953,48","943,45","8,94B","-0,13%"
"11/10/2023","944,69","946,36","951,42","944,69","6,45B","-0,18%"
"10/10/2023","946,36","944,58","953,48","944,58","2,83B","0,19%"
"09/10/2023","944,58","946,51","952,99","943,52","3,11B","-0,20%"
"06/10/2023","946,51","944,72","953,17","944,72","3,31B","0,19%"
"05/10/2023","944,67","949,31","955,69","944,67","4,39B","-0,48%"
"04/10/2023","949,23","956,07","956,56","944,40","5,23B","-0,72%"
"03/10/2023","956,07","957,09","960,57","953,00","4,20B","-0,11%"
"02/10/2023","957,09","952,69","961,81","952,63","2,34B","0,46%"
"29/09/2023","952,69","953,32","960,73","952,69","4,47B","-0,07%"
"27/09/2023","953,32","952,40","961,51","950,07","4,32B","0,10%"
"26/09/2023","952,40","962,55","966,41","950,33","7,29B","-1,06%"
"25/09/2023","962,60","968,18","970,09","962,60","3,14B","-0,57%"
"22/09/2023","968,15","966,66","973,96","965,03","2,43B","0,15%"
"21/09/2023","966,66","970,43","972,77","964,66","3,15B","-0,39%"
"20/09/2023","970,43","965,04","978,71","965,04","3,72B","0,56%"
"19/09/2023","965,04","955,91","968,39","955,73","2,22B","0,96%"
"18/09/2023","955,85","961,20","964,40","955,04","3,61B","-0,56%"
"15/09/2023","961,20","955,59","966,14","953,51","8,40B","0,59%"
"14/09/2023","955,61","954,20","958,06","951,33","3,33B","0,15%"
"13/09/2023","954,23","953,49","954,41","947,79","3,63B","0,08%"
"12/09/2023","953,46","958,72","960,68","952,30","3,82B","-0,55%"
"11/09/2023","958,72","952,38","958,72","949,22","5,59B","0,67%"
"08/09/2023","952,38","959,47","961,06","947,61","3,24B","-0,74%"
"07/09/2023","959,47","967,22","967,71","954,40","7,64B","-0,80%"
"06/09/2023","967,19","968,67","973,53","967,19","3,21B","-0,15%"
"05/09/2023","968,67","969,92","972,38","965,76","2,53B","-0,13%"
"04/09/2023","969,92","966,99","972,01","965,90","2,32B","0,31%"
"01/09/2023","966,96","962,25","970,29","961,65","3,13B","0,49%"
"31/08/2023","962,25","963,92","967,12","957,47","9,77B","-0,17%"
"30/08/2023","963,92","964,11","973,52","963,92","3,55B","-0,01%"
"29/08/2023","964,03","958,28","965,43","958,28","7,10B","0,60%"
"28/08/2023","958,28","956,80","962,74","956,80","2,33B","0,16%"
"25/08/2023","956,72","956,34","958,71","951,95","2,96B","0,04%"
"24/08/2023","956,34","960,13","963,71","956,34","3,76B","-0,39%"
"23/08/2023","960,13","962,96","967,66","960,13","4,37B","-0,29%"
"22/08/2023","962,96","953,74","965,68","952,54","3,51B","0,97%"
"21/08/2023","953,74","956,74","961,25","953,74","4,97B","-0,31%"
"18/08/2023","956,71","963,77","963,77","956,71","3,65B","-0,75%"
"16/08/2023","963,91","966,25","966,25","955,59","5,00B","-0,24%"
"15/08/2023","966,25","968,72","969,93","963,06","5,51B","-0,25%"
"14/08/2023","968,66","964,35","968,66","954,17","3,32B","0,45%"
"11/08/2023","964,35","966,48","968,89","962,24","4,77B","-0,22%"
"10/08/2023","966,48","965,30","971,41","964,62","6,02B","0,12%"
"09/08/2023","965,30","961,86","968,20","961,86","9,88B","0,36%"
"08/08/2023","961,86","966,43","970,42","960,85","4,87B","-0,47%"
"07/08/2023","966,40","958,97","969,81","958,97","3,04B","0,77%"
"04/08/2023","958,97","967,06","969,98","958,97","2,47B","-0,83%"
"03/08/2023","967,03","960,14","972,24","956,87","2,98B","0,72%"
"02/08/2023","960,14","963,46","963,46","956,63","4,11B","-0,34%"
"01/08/2023","963,46","965,57","968,30","961,32","3,94B","-0,22%"
"31/07/2023","965,62","961,66","966,93","960,45","4,44B","0,41%"
"28/07/2023","961,66","959,30","961,66","954,06","2,74B","0,25%"
"27/07/2023","959,27","969,29","973,50","959,27","3,01B","-1,03%"
"26/07/2023","969,29","963,85","969,89","962,95","3,32B","0,56%"